ID	Description	GeneRatio	BgRatio	RichFactor	FoldEnrichment	zScore	pvalue	p.adjust	qvalue	geneID	Count
M00086	beta-Oxidation, acyl-CoA synthesis	7/86	16/1640	0.4375	8.34302325581395	6.94152796623718	6.66524019587378e-06	0.000233283406855582	0.000203465227031937	110929342/110930246/110931053/110938092/110867977/110899500/110899498	7
M00027	GABA (gamma-Aminobutyrate) shunt	4/86	11/1640	0.363636363636364	6.93446088794926	4.64440696303958	0.00175418577407627	0.0205316023066315	0.0179072621621748	110867957/110890180/110890181/110890182	4
M00307	Pyruvate oxidation, pyruvate => acetyl-CoA	5/86	18/1640	0.277777777777778	5.29715762273902	4.31127084295884	0.0017598516262827	0.0205316023066315	0.0179072621621748	110941101/110878054/110871809/110894330/110897535	5
M00997	UDP-Xyl/L-Ara biosynthesis, UDP-Glc => UDP-Xyl => UDP-L-Ala	5/86	20/1640	0.25	4.76744186046512	3.9867338600402	0.00292969518533333	0.0256348328716666	0.0223582000985965	110863908/110937460/110913970/110918468/110920876	5
