ID	Description	GeneRatio	BgRatio	RichFactor	FoldEnrichment	zScore	pvalue	p.adjust	qvalue	geneID	Count
M00615	Nitrate assimilation	10/166	13/1640	0.769230769230769	7.59962928637627	8.01479133186489	1.91575755414392e-08	8.81248474906202e-07	7.05805414684601e-07	110875017/110875029/110874964/110890981/110890983/110890982/110890986/110890992/110898042/110898043	10
M00172	C4-dicarboxylic acid cycle, NADP - malic enzyme type	10/166	17/1640	0.588235294117647	5.81148121899362	6.69019497456244	9.0555978410661e-07	2.0827875034452e-05	1.66813644440691e-05	110909114/110893994/110872125/110872415/110929879/110894838/110897458/110912914/110917148/110921549	10
M00170	C4-dicarboxylic acid cycle, phosphoenolpyruvate carboxykinase type	8/166	13/1640	0.615384615384615	6.07970342910102	6.16894695828556	7.75529845697975e-06	0.000118914576340356	9.5240507366418e-05	110909114/110942445/110872125/110929879/110897458/110903765/110912914/110921549	8
M00027	GABA (gamma-Aminobutyrate) shunt	6/166	11/1640	0.545454545454545	5.38882803943045	4.89980892429729	0.000295614465582416	0.00339956635419779	0.00272276481457489	110867957/110890180/110890181/110890182/110893559/110899848	6
M00171	C4-dicarboxylic acid cycle, NAD - malic enzyme type	10/166	30/1640	0.333333333333333	3.29317269076305	4.25284181659257	0.000430698066864395	0.00396242221515243	0.00317356470321133	110873556/110909316/110909114/110931063/110864621/110872125/110929879/110897458/110912914/110921549	10
M00168	CAM (Crassulacean acid metabolism), dark	7/166	17/1640	0.411764705882353	4.06803685329553	4.26599706066885	0.000777588529400981	0.00596151205874086	0.00477466640860252	110909316/110909114/110872125/110929879/110897458/110912914/110921549	7
M00897	Thiamine biosynthesis, plants, AIR (+ NAD+) => TMP/thiamine/TPP	5/166	11/1640	0.454545454545455	4.49069003285871	3.89710283048052	0.00278822213444323	0.0183226025977698	0.0146748533391749	110885420/110889559/110884256/110897428/110908263	5
M00432	Leucine biosynthesis, 2-oxoisovalerate => 2-oxoisocaproate	5/166	12/1640	0.416666666666667	4.11646586345382	3.63513526639676	0.0043926894052876	0.0252579640804037	0.0202294906822455	110904430/110875624/110907927/110905200/110907933	5
